Workbook

Sheet KPI_Summary
A1: KPI | B1: Value
A2: Total Views | B2: =SUM(Daily_Metrics!B2:B367) -> 12400000
A3: Watch Time (Hours) | B3: =SUM(Daily_Metrics!C2:C367) -> 1200000
A4: Net Subscribers | B4: =SUM(Daily_Metrics!H2:H367) -> 128000
A5: Estimated Revenue (USD) | B5: =SUM(Daily_Metrics!F2:F367) -> 28600
A6: Videos Published | B6: =SUM(Daily_Metrics!G2:G367) -> 186
A7: RPM (USD per 1000 views) | B7: =B5/B2*1000 -> 2.3064516
A8: Avg View Duration (min) | B8: =B3*60/B2 -> 5.8064516
A10: Note: synthetic sample data for practice; totals are scaled to match the KPI cards in the reference dashboard (Jan 1 - Dec 31, 2024).

Sheet Monthly_Trend
A1: month | B1: month_start | C1: month_end | D1: views | E1: watch_time_hours | F1: net_subscribers | G1: cumulative_subscribers | H1: estimated_revenue_usd | I1: videos_published
A2: =TEXT(B2,"mmm") -> Jan | B2: =DATE(2024,1,1) -> 45292 | C2: =EOMONTH(B2,0) -> 45322 | D2: =SUMIFS(Daily_Metrics!$B$2:$B$367,Daily_Metrics!$A$2:$A$367,">="&$B2,Daily_Metrics!$A$2:$A$367,"<="&$C2) -> 582735 | E2: =SUMIFS(Daily_Metrics!$C$2:$C$367,Daily_Metrics!$A$2:$A$367,">="&$B2,Daily_Metrics!$A$2:$A$367,"<="&$C2) -> 56618 | F2: =SUMIFS(Daily_Metrics!$H$2:$H$367,Daily_Metrics!$A$2:$A$367,">="&$B2,Daily_Metrics!$A$2:$A$367,"<="&$C2) -> 6245 | G2: =SUM($F$2:F2) -> 6245 | H2: =SUMIFS(Daily_Metrics!$F$2:$F$367,Daily_Metrics!$A$2:$A$367,">="&$B2,Daily_Metrics!$A$2:$A$367,"<="&$C2) -> 1198.97 | I2: =SUMIFS(Daily_Metrics!$G$2:$G$367,Daily_Metrics!$A$2:$A$367,">="&$B2,Daily_Metrics!$A$2:$A$367,"<="&$C2) -> 16
A3: =TEXT(B3,"mmm") -> Feb | B3: =DATE(2024,2,1) -> 45323 | C3: =EOMONTH(B3,0) -> 45351 | D3: =SUMIFS(Daily_Metrics!$B$2:$B$367,Daily_Metrics!$A$2:$A$367,">="&$B3,Daily_Metrics!$A$2:$A$367,"<="&$C3) -> 611925 | E3: =SUMIFS(Daily_Metrics!$C$2:$C$367,Daily_Metrics!$A$2:$A$367,">="&$B3,Daily_Metrics!$A$2:$A$367,"<="&$C3) -> 59003 | F3: =SUMIFS(Daily_Metrics!$H$2:$H$367,Daily_Metrics!$A$2:$A$367,">="&$B3,Daily_Metrics!$A$2:$A$367,"<="&$C3) -> 6336 | G3: =SUM($F$2:F3) -> 12581 | H3: =SUMIFS(Daily_Metrics!$F$2:$F$367,Daily_Metrics!$A$2:$A$367,">="&$B3,Daily_Metrics!$A$2:$A$367,"<="&$C3) -> 1266.04 | I3: =SUMIFS(Daily_Metrics!$G$2:$G$367,Daily_Metrics!$A$2:$A$367,">="&$B3,Daily_Metrics!$A$2:$A$367,"<="&$C3) -> 18
A4: =TEXT(B4,"mmm") -> Mar | B4: =DATE(2024,3,1) -> 45352 | C4: =EOMONTH(B4,0) -> 45382 | D4: =SUMIFS(Daily_Metrics!$B$2:$B$367,Daily_Metrics!$A$2:$A$367,">="&$B4,Daily_Metrics!$A$2:$A$367,"<="&$C4) -> 808357 | E4: =SUMIFS(Daily_Metrics!$C$2:$C$367,Daily_Metrics!$A$2:$A$367,">="&$B4,Daily_Metrics!$A$2:$A$367,"<="&$C4) -> 79268 | F4: =SUMIFS(Daily_Metrics!$H$2:$H$367,Daily_Metrics!$A$2:$A$367,">="&$B4,Daily_Metrics!$A$2:$A$367,"<="&$C4) -> 8350 | G4: =SUM($F$2:F4) -> 20931 | H4: =SUMIFS(Daily_Metrics!$F$2:$F$367,Daily_Metrics!$A$2:$A$367,">="&$B4,Daily_Metrics!$A$2:$A$367,"<="&$C4) -> 1736.2 | I4: =SUMIFS(Daily_Metrics!$G$2:$G$367,Daily_Metrics!$A$2:$A$367,">="&$B4,Daily_Metrics!$A$2:$A$367,"<="&$C4) -> 15
A5: =TEXT(B5,"mmm") -> Apr | B5: =DATE(2024,4,1) -> 45383 | C5: =EOMONTH(B5,0) -> 45412 | D5: =SUMIFS(Daily_Metrics!$B$2:$B$367,Daily_Metrics!$A$2:$A$367,">="&$B5,Daily_Metrics!$A$2:$A$367,"<="&$C5) -> 745432 | E5: =SUMIFS(Daily_Metrics!$C$2:$C$367,Daily_Metrics!$A$2:$A$367,">="&$B5,Daily_Metrics!$A$2:$A$367,"<="&$C5) -> 72432 | F5: =SUMIFS(Daily_Metrics!$H$2:$H$367,Daily_Metrics!$A$2:$A$367,">="&$B5,Daily_Metrics!$A$2:$A$367,"<="&$C5) -> 7940 | G5: =SUM($F$2:F5) -> 28871 | H5: =SUMIFS(Daily_Metrics!$F$2:$F$367,Daily_Metrics!$A$2:$A$367,">="&$B5,Daily_Metrics!$A$2:$A$367,"<="&$C5) -> 1601 | I5: =SUMIFS(Daily_Metrics!$G$2:$G$367,Daily_Metrics!$A$2:$A$367,">="&$B5,Daily_Metrics!$A$2:$A$367,"<="&$C5) -> 15
A6: =TEXT(B6,"mmm") -> May | B6: =DATE(2024,5,1) -> 45413 | C6: =EOMONTH(B6,0) -> 45443 | D6: =SUMIFS(Daily_Metrics!$B$2:$B$367,Daily_Metrics!$A$2:$A$367,">="&$B6,Daily_Metrics!$A$2:$A$367,"<="&$C6) -> 977222 | E6: =SUMIFS(Daily_Metrics!$C$2:$C$367,Daily_Metrics!$A$2:$A$367,">="&$B6,Daily_Metrics!$A$2:$A$367,"<="&$C6) -> 94635 | F6: =SUMIFS(Daily_Metrics!$H$2:$H$367,Daily_Metrics!$A$2:$A$367,">="&$B6,Daily_Metrics!$A$2:$A$367,"<="&$C6) -> 9613 | G6: =SUM($F$2:F6) -> 38484 | H6: =SUMIFS(Daily_Metrics!$F$2:$F$367,Daily_Metrics!$A$2:$A$367,">="&$B6,Daily_Metrics!$A$2:$A$367,"<="&$C6) -> 2167.16 | I6: =SUMIFS(Daily_Metrics!$G$2:$G$367,Daily_Metrics!$A$2:$A$367,">="&$B6,Daily_Metrics!$A$2:$A$367,"<="&$C6) -> 17
A7: =TEXT(B7,"mmm") -> Jun | B7: =DATE(2024,6,1) -> 45444 | C7: =EOMONTH(B7,0) -> 45473 | D7: =SUMIFS(Daily_Metrics!$B$2:$B$367,Daily_Metrics!$A$2:$A$367,">="&$B7,Daily_Metrics!$A$2:$A$367,"<="&$C7) -> 927455 | E7: =SUMIFS(Daily_Metrics!$C$2:$C$367,Daily_Metrics!$A$2:$A$367,">="&$B7,Daily_Metrics!$A$2:$A$367,"<="&$C7) -> 89870 | F7: =SUMIFS(Daily_Metrics!$H$2:$H$367,Daily_Metrics!$A$2:$A$367,">="&$B7,Daily_Metrics!$A$2:$A$367,"<="&$C7) -> 9154 | G7: =SUM($F$2:F7) -> 47638 | H7: =SUMIFS(Daily_Metrics!$F$2:$F$367,Daily_Metrics!$A$2:$A$367,">="&$B7,Daily_Metrics!$A$2:$A$367,"<="&$C7) -> 2095.27 | I7: =SUMIFS(Daily_Metrics!$G$2:$G$367,Daily_Metrics!$A$2:$A$367,">="&$B7,Daily_Metrics!$A$2:$A$367,"<="&$C7) -> 17
A8: =TEXT(B8,"mmm") -> Jul | B8: =DATE(2024,7,1) -> 45474 | C8: =EOMONTH(B8,0) -> 45504 | D8: =SUMIFS(Daily_Metrics!$B$2:$B$367,Daily_Metrics!$A$2:$A$367,">="&$B8,Daily_Metrics!$A$2:$A$367,"<="&$C8) -> 1019482 | E8: =SUMIFS(Daily_Metrics!$C$2:$C$367,Daily_Metrics!$A$2:$A$367,">="&$B8,Daily_Metrics!$A$2:$A$367,"<="&$C8) -> 99140 | F8: =SUMIFS(Daily_Metrics!$H$2:$H$367,Daily_Metrics!$A$2:$A$367,">="&$B8,Daily_Metrics!$A$2:$A$367,"<="&$C8) -> 11259 | G8: =SUM($F$2:F8) -> 58897 | H8: =SUMIFS(Daily_Metrics!$F$2:$F$367,Daily_Metrics!$A$2:$A$367,">="&$B8,Daily_Metrics!$A$2:$A$367,"<="&$C8) -> 2358.3 | I8: =SUMIFS(Daily_Metrics!$G$2:$G$367,Daily_Metrics!$A$2:$A$367,">="&$B8,Daily_Metrics!$A$2:$A$367,"<="&$C8) -> 13
A9: =TEXT(B9,"mmm") -> Aug | B9: =DATE(2024,8,1) -> 45505 | C9: =EOMONTH(B9,0) -> 45535 | D9: =SUMIFS(Daily_Metrics!$B$2:$B$367,Daily_Metrics!$A$2:$A$367,">="&$B9,Daily_Metrics!$A$2:$A$367,"<="&$C9) -> 1229466 | E9: =SUMIFS(Daily_Metrics!$C$2:$C$367,Daily_Metrics!$A$2:$A$367,">="&$B9,Daily_Metrics!$A$2:$A$367,"<="&$C9) -> 118478 | F9: =SUMIFS(Daily_Metrics!$H$2:$H$367,Daily_Metrics!$A$2:$A$367,">="&$B9,Daily_Metrics!$A$2:$A$367,"<="&$C9) -> 11930 | G9: =SUM($F$2:F9) -> 70827 | H9: =SUMIFS(Daily_Metrics!$F$2:$F$367,Daily_Metrics!$A$2:$A$367,">="&$B9,Daily_Metrics!$A$2:$A$367,"<="&$C9) -> 2814.61 | I9: =SUMIFS(Daily_Metrics!$G$2:$G$367,Daily_Metrics!$A$2:$A$367,">="&$B9,Daily_Metrics!$A$2:$A$367,"<="&$C9) -> 14
A10: =TEXT(B10,"mmm") -> Sep | B10: =DATE(2024,9,1) -> 45536 | C10: =EOMONTH(B10,0) -> 45565 | D10: =SUMIFS(Daily_Metrics!$B$2:$B$367,Daily_Metrics!$A$2:$A$367,">="&$B10,Daily_Metrics!$A$2:$A$367,"<="&$C10) -> 1174879 | E10: =SUMIFS(Daily_Metrics!$C$2:$C$367,Daily_Metrics!$A$2:$A$367,">="&$B10,Daily_Metrics!$A$2:$A$367,"<="&$C10) -> 113699 | F10: =SUMIFS(Daily_Metrics!$H$2:$H$367,Daily_Metrics!$A$2:$A$367,">="&$B10,Daily_Metrics!$A$2:$A$367,"<="&$C10) -> 12534 | G10: =SUM($F$2:F10) -> 83361 | H10: =SUMIFS(Daily_Metrics!$F$2:$F$367,Daily_Metrics!$A$2:$A$367,">="&$B10,Daily_Metrics!$A$2:$A$367,"<="&$C10) -> 2759.56 | I10: =SUMIFS(Daily_Metrics!$G$2:$G$367,Daily_Metrics!$A$2:$A$367,">="&$B10,Daily_Metrics!$A$2:$A$367,"<="&$C10) -> 16
A11: =TEXT(B11,"mmm") -> Oct | B11: =DATE(2024,10,1) -> 45566 | C11: =EOMONTH(B11,0) -> 45596 | D11: =SUMIFS(Daily_Metrics!$B$2:$B$367,Daily_Metrics!$A$2:$A$367,">="&$B11,Daily_Metrics!$A$2:$A$367,"<="&$C11) -> 1401107 | E11: =SUMIFS(Daily_Metrics!$C$2:$C$367,Daily_Metrics!$A$2:$A$367,">="&$B11,Daily_Metrics!$A$2:$A$367,"<="&$C11) -> 135255 | F11: =SUMIFS(Daily_Metrics!$H$2:$H$367,Daily_Metrics!$A$2:$A$367,">="&$B11,Daily_Metrics!$A$2:$A$367,"<="&$C11) -> 14187 | G11: =SUM($F$2:F11) -> 97548 | H11: =SUMIFS(Daily_Metrics!$F$2:$F$367,Daily_Metrics!$A$2:$A$367,">="&$B11,Daily_Metrics!$A$2:$A$367,"<="&$C11) -> 3398.44 | I11: =SUMIFS(Daily_Metrics!$G$2:$G$367,Daily_Metrics!$A$2:$A$367,">="&$B11,Daily_Metrics!$A$2:$A$367,"<="&$C11) -> 13
A12: =TEXT(B12,"mmm") -> Nov | B12: =DATE(2024,11,1) -> 45597 | C12: =EOMONTH(B12,0) -> 45626 | D12: =SUMIFS(Daily_Metrics!$B$2:$B$367,Daily_Metrics!$A$2:$A$367,">="&$B12,Daily_Metrics!$A$2:$A$367,"<="&$C12) -> 1500058 | E12: =SUMIFS(Daily_Metrics!$C$2:$C$367,Daily_Metrics!$A$2:$A$367,">="&$B12,Daily_Metrics!$A$2:$A$367,"<="&$C12) -> 144859 | F12: =SUMIFS(Daily_Metrics!$H$2:$H$367,Daily_Metrics!$A$2:$A$367,">="&$B12,Daily_Metrics!$A$2:$A$367,"<="&$C12) -> 15649 | G12: =SUM($F$2:F12) -> 113197 | H12: =SUMIFS(Daily_Metrics!$F$2:$F$367,Daily_Metrics!$A$2:$A$367,">="&$B12,Daily_Metrics!$A$2:$A$367,"<="&$C12) -> 3663.32 | I12: =SUMIFS(Daily_Metrics!$G$2:$G$367,Daily_Metrics!$A$2:$A$367,">="&$B12,Daily_Metrics!$A$2:$A$367,"<="&$C12) -> 18
A13: =TEXT(B13,"mmm") -> Dec | B13: =DATE(2024,12,1) -> 45627 | C13: =EOMONTH(B13,0) -> 45657 | D13: =SUMIFS(Daily_Metrics!$B$2:$B$367,Daily_Metrics!$A$2:$A$367,">="&$B13,Daily_Metrics!$A$2:$A$367,"<="&$C13) -> 1421882 | E13: =SUMIFS(Daily_Metrics!$C$2:$C$367,Daily_Metrics!$A$2:$A$367,">="&$B13,Daily_Metrics!$A$2:$A$367,"<="&$C13) -> 136743 | F13: =SUMIFS(Daily_Metrics!$H$2:$H$367,Daily_Metrics!$A$2:$A$367,">="&$B13,Daily_Metrics!$A$2:$A$367,"<="&$C13) -> 14803 | G13: =SUM($F$2:F13) -> 128000 | H13: =SUMIFS(Daily_Metrics!$F$2:$F$367,Daily_Metrics!$A$2:$A$367,">="&$B13,Daily_Metrics!$A$2:$A$367,"<="&$C13) -> 3541.13 | I13: =SUMIFS(Daily_Metrics!$G$2:$G$367,Daily_Metrics!$A$2:$A$367,">="&$B13,Daily_Metrics!$A$2:$A$367,"<="&$C13) -> 14

Sheet Daily_Metrics
A1: date | B1: views | C1: watch_time_hours | D1: subscribers_gained | E1: subscribers_lost | F1: estimated_revenue_usd | G1: videos_published | H1: net_subscribers
A2: 45292 | B2: 17284 | C2: 1630 | D2: 206 | E2: 17 | F2: 38.52 | G2: 0 | H2: 189
A3: 45293 | B3: 14775 | C3: 1389 | D3: 157 | E3: 19 | F3: 30.54 | G3: 1 | H3: 138
A4: 45294 | B4: 18399 | C4: 1803 | D4: 210 | E4: 18 | F4: 34.23 | G4: 0 | H4: 192
A5: 45295 | B5: 18909 | C5: 1900 | D5: 212 | E5: 15 | F5: 34.99 | G5: 1 | H5: 197
A6: 45296 | B6: 13425 | C6: 1306 | D6: 165 | E6: 15 | F6: 24.72 | G6: 0 | H6: 150
A7: 45297 | B7: 16763 | C7: 1716 | D7: 207 | E7: 15 | F7: 30.06 | G7: 1 | H7: 192
A8: 45298 | B8: 19990 | C8: 2010 | D8: 172 | E8: 9 | F8: 41.68 | G8: 0 | H8: 163
A9: 45299 | B9: 16554 | C9: 1663 | D9: 129 | E9: 16 | F9: 37.46 | G9: 1 | H9: 113
A10: 45300 | B10: 17235 | C10: 1713 | D10: 219 | E10: 9 | F10: 35.63 | G10: 0 | H10: 210
A11: 45301 | B11: 15658 | C11: 1664 | D11: 205 | E11: 10 | F11: 27.06 | G11: 1 | H11: 195
A12: 45302 | B12: 19361 | C12: 1867 | D12: 182 | E12: 20 | F12: 39.51 | G12: 1 | H12: 162
A13: 45303 | B13: 19209 | C13: 1718 | D13: 159 | E13: 17 | F13: 39.31 | G13: 1 | H13: 142
... A367: 45657 | B367: 52989 | C367: 5163 | D367: 625 | E367: 39 | F367: 130.91 | G367: 0 | H367: 586

Sheet Videos
A1: video_id | B1: title | C1: publish_date | D1: views | E1: watch_time_hours | F1: avg_view_duration | G1: likes | H1: comments | I1: revenue_usd
A2: VID001 | B2: How to Use ChatGPT for Data Analysis | C2: 45332 | D2: 1800000 | E2: 180000 | F2: 8:42 | G2: 66014 | H2: 4527 | I2: 4689.48
A3: VID002 | B3: Complete SQL Course in 1 Hour | C3: 45400 | D3: 1200000 | E3: 142000 | F3: 7:56 | G3: 65335 | H3: 5706 | I3: 2963.74
A4: VID003 | B4: Data Analyst Roadmap 2025 | C4: 45478 | D4: 980000 | E4: 113000 | F4: 7:21 | G4: 34358 | H4: 5660 | I4: 2482.11
A5: VID004 | B5: Top 10 AI Tools for Productivity | C5: 45547 | D5: 720000 | E5: 84000 | F5: 6:49 | G5: 27725 | H5: 2669 | I5: 1338.69
A6: VID005 | B6: How I Got My First Data Analyst Job | C6: 45598 | D6: 650000 | E6: 70000 | F6: 6:15 | G6: 27656 | H6: 3642 | I6: 1697.58
A7: VID006 | B7: Career Roadmap #5 | C7: 45355 | D7: 640000 | E7: 50318 | F7: 4:43 | G7: 25428 | H7: 1531 | I7: 1244.52
A8: VID007 | B8: Dashboard Beginner Guide #6 | C8: 45622 | D8: 408574 | E8: 37210 | F8: 5:28 | G8: 22042 | H8: 887 | I8: 938.74
A9: VID008 | B9: Projects Project Walkthrough #7 | C9: 45452 | D9: 219846 | E9: 24994 | F9: 6:49 | G9: 12911 | H9: 1074 | I9: 505.02
A10: VID009 | B10: Power BI Project Walkthrough #8 | C10: 45459 | D10: 146783 | E10: 12794 | F10: 5:14 | G10: 8257 | H10: 740 | I10: 348.86
A11: VID010 | B11: Tableau Tutorial #9 | C11: 45619 | D11: 146752 | E11: 16190 | F11: 6:37 | G11: 5078 | H11: 788 | I11: 341.12
A12: VID011 | B12: Power BI Project Walkthrough #10 | C12: 45649 | D12: 131638 | E12: 13609 | F12: 6:12 | G12: 7016 | H12: 293 | I12: 256.32
A13: VID012 | B13: Statistics Project Walkthrough #11 | C13: 45515 | D13: 106714 | E13: 6349 | F13: 3:34 | G13: 3675 | H13: 545 | I13: 192.6
... A187: VID186 | B187: Excel Full Course #185 | C187: 45382 | D187: 16594 | E187: 1510 | F187: 5:28 | G187: 767 | H187: 69 | I187: 36.04

Sheet Traffic_Sources
A1: traffic_source | B1: share_pct | C1: views
A2: Browse Features | B2: 42 | C2: 5208000
A3: Suggested Videos | B3: 27 | C3: 3348000
A4: YouTube Search | B4: 15 | C4: 1860000
A5: External | B5: 7 | C5: 868000
A6: Playlists | B6: 5 | C6: 620000
A7: Others | B7: 4 | C7: 496000

Sheet Demographics
A1: gender | B1: age_group | C1: share_pct
A2: Male | B2: 13-17 | C2: 1.86
A3: Male | B3: 18-24 | C3: 16.12
A4: Male | B4: 25-34 | C4: 24.8
A5: Male | B5: 35-44 | C5: 11.16
A6: Male | B6: 45-54 | C6: 4.96
A7: Male | B7: 55+ | C7: 3.1
A8: Female | B8: 13-17 | C8: 1.08
A9: Female | B9: 18-24 | C9: 10.8
A10: Female | B10: 25-34 | C10: 13.68
A11: Female | B11: 35-44 | C11: 5.76
A12: Female | B12: 45-54 | C12: 2.88
A13: Female | B13: 55+ | C13: 1.8
... A19: Other | B19: 55+ | C19: 0.1

Sheet Countries
A1: country | B1: share_pct | C1: views
A2: India | B2: 32 | C2: 3968000
A3: United States | B3: 18 | C3: 2232000
A4: United Kingdom | B4: 8 | C4: 992000
A5: Canada | B5: 6 | C5: 744000
A6: Australia | B6: 4 | C6: 496000
A7: Germany | B7: 5 | C7: 620000
A8: Others | B8: 27 | C8: 3348000

Sheet Devices
A1: device_type | B1: share_pct | C1: views
A2: Mobile | B2: 68 | C2: 8432000
A3: Desktop | B3: 24 | C3: 2976000
A4: TV | B4: 5 | C4: 620000
A5: Tablet | B5: 3 | C5: 372000

Sheet Audience_Retention
A1: video_position_pct | B1: audience_retention_pct
A2: 0 | B2: 100
A3: 5 | B3: 88
A4: 10 | B4: 79.3
A5: 15 | B5: 74.3
A6: 20 | B6: 76.3
A7: 25 | B7: 70.8
A8: 30 | B8: 68.2
A9: 35 | B9: 65.9
A10: 40 | B10: 64.9
A11: 45 | B11: 61.1
A12: 50 | B12: 55.6
A13: 55 | B13: 56.7
... A22: 100 | B22: 34.4

Sheet Realtime_48h
A1: hour | B1: views
A2: 45655 | B2: 805
A3: 45655.042 | B3: 831
A4: 45655.083 | B4: 848
A5: 45655.125 | B5: 1137
A6: 45655.167 | B6: 1110
A7: 45655.208 | B7: 1268
A8: 45655.25 | B8: 1617
A9: 45655.292 | B9: 1616
A10: 45655.333 | B10: 1845
A11: 45655.375 | B11: 1805
A12: 45655.417 | B12: 2190
A13: 45655.458 | B13: 2409
... A49: 45656.958 | B49: 834
